Wall time,Step,Value,Column 1
1568054763.90355,262144,0.983553767204285,0.983553767204285
1568055349.52403,573440,0.953574597835541,0.983553767204285
1568055419.18337,606208,0.964140295982361,0.968564182519913
1568055691.12196,753664,0.964248478412628,0.966352239251137
1568056059.94741,950272,0.969656944274902,0.965300358831883
1568056130.93403,983040,0.962226033210754,0.967478651553392
1568056622.67204,1245184,0.9544238448143,0.964852342382073
1568058127.51307,2048000,0.923616349697113,0.959638093598187
1568058207.29786,2097152,0.915805339813232,0.94162722164765
1568058426.73375,2211840,0.94679981470108,0.928716280730441
1568059946.4289,3014656,0.936905205249786,0.937758047715761
1568060069.56237,3080192,0.934167921543121,0.937331626482774
1568060588.55136,3358720,0.921362698078156,0.935749774012947
1568060711.70458,3424256,0.945178031921387,0.928556236045552
1568060888.01769,3522560,0.930769801139832,0.936867133983469
1568061037.6395,3604480,0.930285215377808,0.93381846756165
1568061900.39432,4063232,0.906817674636841,0.932051841469729
1568061943.6403,4079616,0.944596111774445,0.919434758053285
1568062146.61593,4194304,0.905904829502106,0.932015434913865
1568062859.76574,4571136,0.934567034244537,0.918960132207985
1568063347.60958,4833280,0.931224584579468,0.926763583226261
1568064663.15594,5537792,0.94180178642273,0.928994083902865
1568064689.48829,5554176,0.897198736667633,0.935397935162797
1568065177.12185,5816320,0.893841147422791,0.916298335915215
1568065246.55153,5849088,0.905388057231903,0.905069741669003
1568065612.44145,6045696,0.949387431144714,0.905228899450453
1568065691.43027,6094848,0.932068228721619,0.927308165297584
1568065708.11267,6094848,0.91616427898407,0.929688197009601
1568065951.83876,6225920,0.917129397392273,0.922926237996835
1568067468.27958,7045120,0.91639643907547,0.920027817694554
1568068131.01168,7405568,0.931111931800842,0.918212128385012
1568068513.4293,7602176,0.909028053283691,0.924662030092927
1568068687.96979,7700480,0.901001989841461,0.916845041688309
1568068714.24793,7716864,0.892204761505127,0.908923515764885
1568069514.82821,8142848,0.887172222137451,0.900564138635006
1568069854.35252,8323072,0.911514580249786,0.893868180386229
1568070055.86895,8437760,0.928191602230072,0.902691380318008
1568070099.45306,8454144,0.910212099552154,0.91544149127404
1568070178.36288,8503296,0.88355964422226,0.912826795413097
1568070221.32787,8519680,0.909142017364502,0.898193219817678
1568070517.69669,8683520,0.910015523433685,0.90366761859109
1568070761.60359,8814592,0.888326406478882,0.906841571012388
1568071806.0748,9371648,0.910936236381531,0.897583988745635
1568072007.16769,9486336,0.93480771780014,0.904260112563583
1568072198.39405,9584640,0.951861083507538,0.919533915181862
1568072738.10198,9879552,0.893165409564972,0.9356974993447
1568072833.69723,9928704,0.921678900718689,0.914431454454836
1568073051.13209,10043392,0.898244976997376,0.918055177586762
1568073146.73198,10092544,0.904145002365112,0.908150077292069
1568073199.31487,10125312,0.93021833896637,0.906147539828591
1568073538.89164,10305536,0.908390283584595,0.91818293939748
1568073591.47503,10338304,0.887842059135437,0.913286611491037
1568073713.41289,10403840,0.907426118850708,0.900564335313237
1568073756.51293,10420224,0.908023059368134,0.903995227081973
1568073957.17548,10534912,0.884739756584168,0.906009143225053
1568074105.31309,10616832,0.918452143669128,0.89537444990461
1568074121.92694,10616832,0.909323155879974,0.906913296786869
1568074783.82425,10977280,0.919249355792999,0.908118226333422
1568076515.99912,11911168,0.915984272956848,0.913683791063211
1568076558.96547,11927552,0.909347534179688,0.914834032010029
1568077368.85972,12369920,0.872844636440277,0.912090783094858
1568077438.08631,12402688,0.923808872699738,0.892467709767568
1568077856.38847,12632064,0.925136685371399,0.908138291233653
1568078073.66392,12746752,0.921244978904724,0.916637488302526
1568078099.95971,12763136,0.86362886428833,0.918941233603625
1568078247.99773,12845056,0.914736032485962,0.891285048945977
1568078264.59931,12845056,0.90510481595993,0.90301054071597
1568078386.46072,12910592,0.905383050441742,0.90405767833795
1568078830.83353,13156352,0.921532809734344,0.904720364389846
1568078900.33513,13189120,0.907112717628479,0.913126587062095
1568079117.69479,13303808,0.904002010822296,0.910119652345287
1568080320.32131,13959168,0.927084624767303,0.907060831583792
1568080389.78284,13991936,0.885988473892212,0.917072728175548
1568080537.90863,14073856,0.901455283164978,0.90153060103388
1568080685.99743,14155776,0.890338897705078,0.901492942099429
1568080807.93546,14221312,0.917320966720581,0.895915919902254
1568081051.94705,14352384,0.896962583065033,0.906618443311417
1568081190.58626,14417920,0.900636732578278,0.901790513188225
1568081312.55256,14483456,0.90404611825943,0.901213622883251
1568082584.53888,15171584,0.911307692527771,0.902629870571341
1568082706.58605,15237120,0.919705092906952,0.906968781549556
1568082732.87416,15253504,0.906935334205627,0.913336937228254
1568083167.91892,15482880,0.877134799957275,0.910136135716941
1568083490.36417,15663104,0.898534119129181,0.893635467837108
1568083803.24005,15826944,0.915806472301483,0.896084793483144
1568084725.9517,16318464,0.903376400470733,0.905945632892314
1568085144.46773,16547840,0.927792429924011,0.904661016681524
1568085632.19169,16809984,0.908640384674072,0.916226723302767
1568085780.34729,16891904,0.892764270305633,0.91243355398842
1568085945.38838,16973824,0.900803864002228,0.902598912147027
1568086485.1917,17268736,0.870349824428558,0.901701388074627
1568086554.35723,17301504,0.896080613136292,0.886025606251593
1568086824.38088,17448960,0.886748790740967,0.891053109693942
1568086903.27167,17498112,0.899134159088135,0.888900950217455
1568086972.56265,17530880,0.889530003070831,0.894017554652795
1568086998.86145,17547264,0.904037356376648,0.891773778861813
1568088164.59873,18169856,0.91767543554306,0.89790556761923
1568088312.80325,18251776,0.919117093086243,0.907790501581145
1568088339.08993,18268160,0.878351449966431,0.913453797333694
1568088869.25698,18546688,0.894830107688904,0.895902623650062
1568089165.48949,18710528,0.908963620662689,0.895366365669483
1568089409.3581,18841600,0.898379981517792,0.902164993166086
1568090140.92187,19234816,0.88033789396286,0.900272487341939
1568090411.16546,19382272,0.912583947181702,0.8903051906524
1568090602.40128,19480576,0.885558247566223,0.90144456891705
1568090750.45716,19562496,0.912859261035919,0.893501408241637
1568091534.3505,19988480,0.875120520591736,0.903180334638778
1568091629.88854,20037632,0.881951034069061,0.889150427615257
1568092239.24165,20365312,0.880381941795349,0.885550730842159
1568092631.31393,20578304,0.903878509998322,0.882966336318754
1568092648.01913,20578304,0.897353947162628,0.893422423158538
1568093013.83829,20774912,0.895904779434204,0.895388185160583
1568093119.05145,20840448,0.899968504905701,0.895646482297394
1568093528.58727,21053440,0.899751126766205,0.897807493601547
1568094382.47484,21512192,0.92163360118866,0.898779310183876
1568094583.17348,21626880,0.895525455474854,0.910206455686268
1568095070.93818,21889024,0.914665699005127,0.902865955580561
1568095410.35172,22069248,0.885438978672028,0.908765827292844
1568095627.78574,22183936,0.88214522600174,0.897102402982436
1568095776.10112,22265856,0.896185278892517,0.889623814492088
1568095897.96561,22331392,0.898802280426025,0.892904546692302
1568096062.97169,22413312,0.898015439510345,0.895853413559164
1568096290.53554,22544384,0.870518445968628,0.896934426534755
1568096630.34477,22724608,0.885696768760681,0.883726436251691
1568096673.18138,22740992,0.893899261951447,0.884711602506186
1568096752.05515,22790144,0.908239424228668,0.889305432228816
1568096943.16148,22888448,0.89639014005661,0.898772428228742
1568096969.45657,22904832,0.911905765533447,0.897581284142676
1568097674.9559,23281664,0.879247784614563,0.904743524838062
1568097823.0505,23363584,0.914447605609894,0.891995654726312
1568098406.21677,23674880,0.924169659614563,0.903221630168103
1568098920.0705,23953408,0.895906925201416,0.913695644891333
1568099355.09919,24182784,0.89355880022049,0.904801285046375
1568099582.35394,24313856,0.870656371116638,0.899180042633432
1568099895.3924,24477696,0.881699204444885,0.884918206875035
1568099964.6256,24510464,0.894488632678986,0.88330870565996
1568100165.28889,24625152,0.911139249801636,0.888898669169473
1568101140.48758,25149440,0.873879194259644,0.900018959485554
1568101549.26135,25362432,0.893603980541229,0.886949076872599
1568101793.40377,25493504,0.892851173877716,0.890276528706914
1568101872.29538,25542656,0.92076700925827,0.891563851292315
1568102360.60113,25804800,0.875134944915772,0.906165430275293
1568102752.43543,26017792,0.892943263053894,0.890650187595532
1568103187.56732,26247168,0.912749469280243,0.891796725324713
1568103284.09631,26296320,0.879976391792297,0.902273097302478
1568103485.40042,26411008,0.879044592380524,0.891124744547388
1568103894.25476,26624000,0.885403037071228,0.885084668463956
1568104042.38942,26705920,0.890965282917023,0.885243852767592
1568104625.71076,27017216,0.884586215019226,0.888104567842307
1568104948.3608,27197440,0.919451951980591,0.886345391430767
1568105017.67592,27230208,0.87337988615036,0.902898671705679
1568105043.96409,27246592,0.876814663410187,0.888139278928019
1568105235.1249,27344896,0.88219940662384,0.882476971169103
1568105330.6497,27394048,0.891866803169251,0.882338188896472
1568105505.22074,27492352,0.912076771259308,0.887102496032861
1568105871.59076,27688960,0.898036658763886,0.899589633646084
1568106698.67165,28131328,0.883635103702545,0.898813146204985
1568106794.22021,28180480,0.894294261932373,0.891224124953765
1568106968.73019,28278784,0.871054828166962,0.892759193443069
1568107186.28922,28393472,0.864931106567383,0.881907010805015
1568107726.51044,28688384,0.892140030860901,0.873419058686199
1568107822.06766,28737536,0.87773197889328,0.88277954477355
1568108013.52392,28835840,0.888773798942566,0.880255761833415
1568108214.28234,28950528,0.87870180606842,0.88451478038799
1568108309.76201,28999680,0.845542371273041,0.881608293228205
1568108797.28949,29261824,0.870349287986755,0.863575332250623
1568108919.12685,29327360,0.866414725780487,0.866962310118689
1568108945.42082,29343744,0.888145744800568,0.866688517949588
1568108988.65214,29360128,0.890964210033417,0.877417131375078
1568109067.54556,29409280,0.885668098926544,0.884190670704247
1568109354.19248,29556736,0.890024840831757,0.884929384815396
1568109433.11809,29605888,0.886681258678436,0.887477112823576
1568109554.86152,29671424,0.929535865783691,0.887079185751006
1568110016.12279,29917184,0.922161519527435,0.908307525767349
1568110408.20296,30130176,0.87451696395874,0.915234522647392
1568110651.9444,30261248,0.893928229808807,0.894875743303066
1568110938.69182,30408704,0.889919817447662,0.894401986555937
1568111574.42522,30752768,0.897358596324921,0.892160902001799
1568111791.84922,30867456,0.892769634723663,0.89475974916336
1568112645.44694,31326208,0.889687538146973,0.893764691943512
1568112671.77862,31342592,0.918351590633392,0.891726115045242
1568112724.55472,31375360,0.875508487224579,0.905038852839317
1568113796.15008,31948800,0.915193915367126,0.890273670031948
1568113987.44625,32047104,0.889739155769348,0.902733792699537
1568114214.5453,32178176,0.860942423343658,0.896236474234443
1568114257.56175,32194560,0.873306751251221,0.87858944878905
1568114379.57385,32260096,0.885173141956329,0.875948100020135
1568114989.11041,32587776,0.902027666568756,0.880560620988232
1568115015.399,32604160,0.905344307422638,0.891294143778494
1568115259.06266,32735232,0.872705340385437,0.898319225600566
1568115311.64833,32768000,0.909125566482544,0.885512282993001
1568115433.77726,32833536,0.896230041980743,0.897318924737773
1568115773.36374,33013760,0.870302438735962,0.896774483359258
1568115921.51935,33095680,0.869890451431274,0.88353846104761
1568116139.02026,33210368,0.898950755596161,0.876714456239442
1568116505.25124,33406976,0.894686758518219,0.887832605917802
1568116600.92737,33456128,0.868397057056427,0.89125968221801
1568116653.50461,33488896,0.845246493816376,0.879828369637219
1568117263.00664,33816576,0.855302929878235,0.862537431726797
1568117793.29239,34095104,0.918215095996857,0.858920180802516
1568117941.40023,34177024,0.881991863250732,0.888567638399686
1568118359.51441,34406400,0.890413522720337,0.885279750825209
1568118497.93327,34471936,0.890288174152374,0.887846636772773
1568119133.88838,34816000,0.876891851425171,0.889067405462574
1568119700.11911,35127296,0.884608209133148,0.882979628443872
1568119864.92135,35209216,0.890394568443298,0.88379391878851
1568119986.66806,35274752,0.867243647575378,0.887094243615904
1568120309.12154,35454976,0.876948237419128,0.877168945595641
1568120473.9463,35536896,0.893810868263245,0.877058591507385
1568120839.55255,35733504,0.893948256969452,0.885434729885315
1568121204.98205,35930112,0.881512820720673,0.889691493427383
1568121544.34961,36110336,0.887501895427704,0.885602157074028
1568122397.34631,36569088,0.890639901161194,0.886552026250866
1568122423.64886,36585472,0.896119236946106,0.88859596370603
1568122449.9448,36601856,0.920076847076416,0.892357600326068
1568124426.41175,37666816,0.882684409618378,0.906217223701242
1568124644.13799,37781504,0.89164000749588,0.89445081665981
1568124861.37139,37896192,0.870379567146301,0.893045412077845
1568125009.49327,37978112,0.885591506958008,0.881712489612073
1568125592.5108,38289408,0.883917450904846,0.88365199828504
1568126741.69513,38912000,0.891052663326263,0.883784724594943
1568126932.77906,39010304,0.889201283454895,0.887418693960603
1568127812.12932,39485440,0.895960688591003,0.888309988707749
1568128204.29361,39698432,0.905261695384979,0.892135338649376
1568128273.75801,39731200,0.888125061988831,0.898698517017178
1568128474.45114,39845888,0.863102197647095,0.893411789503004
1568128543.76448,39878656,0.886859714984894,0.878256993575049
1568129126.7075,40189952,0.856578290462494,0.882558354279972
1568129222.30784,40239104,0.886984944343567,0.869568322371233
1568129953.27271,40632320,0.881498992443085,0.8782766333574
1568130519.60006,40943616,0.903835415840149,0.879887812900242
1568130885.1265,41140224,0.87478232383728,0.891861614370196
1568131320.02577,41369600,0.882990896701813,0.883321969103738
1568131468.17215,41451520,0.923010349273681,0.883156432902775
1568131859.95265,41664512,0.879646241664887,0.903083391088228
1568132294.77651,41893888,0.904316365718842,0.891364816376557
1568132321.06662,41910272,0.915376245975494,0.897840591047699
1568133148.49962,42352640,0.880901157855987,0.906608418511597
1568133392.16737,42483712,0.871484220027924,0.893754788183792
1568133471.04785,42532864,0.867056131362915,0.882619504105858
1568133487.84633,42532864,0.885585308074951,0.874837817734387
1568133540.44948,42565632,0.869879841804504,0.880211562904669
1568133566.74114,42582016,0.900593996047974,0.875045702354587
1568134176.37462,42909696,0.936864197254181,0.88781984920128
1568134976.87097,43335680,0.905111491680145,0.91234202322773
1568135543.16937,43646976,0.870476007461548,0.908726757453938
1568135951.66625,43859968,0.899357795715332,0.889601382457743
1568136709.20307,44269568,0.899096548557282,0.894479589086537
1568137371.136,44630016,0.909470915794373,0.896788068821909
1568137492.93753,44695552,0.871316015720367,0.903129492308141
1568138023.21518,44974080,0.885579466819763,0.887222754014254
1568138484.53191,45219840,0.888186872005463,0.886401110417009
1568138537.12649,45252608,0.857643008232117,0.887293991211236
1568138850.04412,45416448,0.885516166687012,0.872468499721676
1568139241.79768,45629440,0.854567289352417,0.878992333204344
1568139946.86739,46006272,0.88348388671875,0.86677981127838
1568140025.76857,46055424,0.864599049091339,0.875131848998565
1568140635.4493,46383104,0.894619882106781,0.869865449044952
1568141272.13799,46727168,0.858364701271057,0.882242665575867
1568141681.24776,46940160,0.87695050239563,0.870303683423462
1568142169.01416,47202304,0.910364985466003,0.873627092909546
1568142613.69509,47448064,0.878494560718536,0.891996039187775
1568142656.79051,47464448,0.841235280036926,0.885245299953155
1568142709.70617,47497216,0.860004007816315,0.863240289995041
1568142858.19333,47579136,0.879912495613098,0.861622148905678
1568143536.85553,47939584,0.892899096012116,0.870767322259388
1568143876.09043,48119808,0.88592803478241,0.881833209135752
1568145243.62597,48857088,0.842905819416046,0.883880621959081
1568145339.19204,48906240,0.878356873989105,0.863393220687563
1568145539.92919,49020928,0.878346681594849,0.870875047338334
1568145609.0859,49053696,0.863628149032593,0.874610864466592
1568146367.04739,49463296,0.861255466938019,0.869119506749592
1568146558.46153,49561600,0.891299784183502,0.865187486843805
1568146881.51764,49741824,0.881841123104095,0.878243635513654
1568147004.29131,49807360,0.877879619598389,0.880042379308875
1568147387.12685,50003968,0.880439221858978,0.878960999453632
1568147509.07356,50069504,0.881683647632599,0.879700110656305
1568147562.01966,50102272,0.894118666648865,0.880691879144452
1568147805.86336,50233344,0.879647850990295,0.887405272896658
1568147901.48837,50282496,0.853412985801697,0.883526561943477
1568148606.86361,50659328,0.876726031303406,0.868469773872587
1568148903.14369,50823168,0.883001148700714,0.872597902587996
1568150175.43436,51511296,0.858917415142059,0.877799525644355
1568150340.29569,51593216,0.874671697616577,0.868358470393207
1568150435.95552,51642368,0.8818439245224,0.871515084004892
1568150706.07196,51789824,0.908175826072693,0.876679504263646
1568150854.16782,51871744,0.878610014915466,0.892427665168169
1568151002.54573,51953664,0.919338762760162,0.885518840041818
1568151532.82372,52232192,0.880484938621521,0.90242880140099
1568152142.22138,52559872,0.879228413105011,0.891456870011256
1568152168.52367,52576256,0.87772798538208,0.885342641558133
1568152464.86976,52740096,0.905168533325195,0.881535313470107
1568152734.80708,52887552,0.890708863735199,0.893351923397651
1568152803.99501,52920320,0.885607719421387,0.892030393566425
1568154197.47923,53673984,0.896246433258056,0.888819056493906
1568154319.23922,53739520,0.895248711109161,0.892532744875981
1568154335.90274,53739520,0.882567644119263,0.893890727992571
1568154579.61095,53870592,0.880199015140533,0.888229186055917
1568156364.84348,54837248,0.900048971176147,0.884214100598225
1568156634.98891,54984704,0.876459538936615,0.892131535887186
1568156651.70262,54984704,0.881169021129608,0.884295537411901
1568156704.34812,55017472,0.874780714511871,0.882732279270754
1568156826.30092,55083008,0.817105829715729,0.878756496891313
1568156852.59399,55099392,0.851579308509827,0.847931163303521
1568157462.0173,55427072,0.862274825572968,0.849755235906674
1568157583.91853,55492608,0.853801310062408,0.856015030739821
1568157653.09808,55525376,0.858815670013428,0.854908170401115
1568157853.76977,55640064,0.899016201496124,0.856861920207271
1568158341.04455,55902208,0.84373664855957,0.877939060851698
1568158410.35109,55934976,0.862842321395874,0.860837854705634
1568158436.64479,55951360,0.856043994426727,0.861840088050754
1568158802.25189,56147968,0.894305229187012,0.858942041238741
1568159194.34663,56360960,0.879097521305084,0.876623635212876
1568159332.85663,56426496,0.878603339195251,0.87786057825898
1568159655.58153,56606720,0.890451312065125,0.878231958727116
1568159698.66527,56623104,0.879954278469086,0.88434163539612
1568160021.26966,56803328,0.885357141494751,0.882147956932603
1568160291.40426,56950784,0.8965003490448,0.883752549213677
1568160917.17124,57278464,0.877658784389496,0.890126449129238
1568161509.83487,57606144,0.885494589805603,0.883892616759367
1568161674.87972,57688064,0.852491497993469,0.884693603282485
1568161823.05226,57769984,0.874716997146606,0.868592550637977
1568162405.98638,58081280,0.863945364952087,0.871654773892292
1568162484.85165,58130432,0.845960974693298,0.86780006942219
1568163502.94079,58671104,0.90215927362442,0.856880522057744
1568163921.43931,58900480,0.903746724128723,0.879519897841082
1568164330.34932,59113472,0.883168816566467,0.891633310984903
1568164356.68231,59129856,0.919899225234985,0.887401063775685
1568164843.9757,59392000,0.887585163116455,0.903650144505335
1568164922.84846,59441152,0.89038074016571,0.895617653810895
1568165140.43627,59555840,0.868153929710388,0.892999196988303
1568166020.31846,60030976,0.881036162376404,0.880576563349345
1568166089.65716,60063744,0.868829786777496,0.880806362862875
1568166481.9271,60276736,0.843189358711243,0.874818074820185
1568166525.01017,60293120,0.87893009185791,0.859003716765714
1568167240.03523,60686336,0.846006870269775,0.868966904311812
1568167919.35745,61046784,0.886305689811706,0.857486887290794
1568168110.77319,61145088,0.880133092403412,0.87189628855125
1568168215.92847,61210624,0.910831093788147,0.876014690477331
1568168407.16345,61308928,0.886524677276611,0.893422892132739
1568168677.39293,61456384,0.86187881231308,0.889973784704675
1568169313.57182,61800448,0.869579672813416,0.875926298508877
1568169435.6685,61865984,0.901272714138031,0.872752985661146
1568169817.96807,62062592,0.882180452346802,0.887012849899589
1568170209.75015,62275584,0.886072874069214,0.884596651123195
1568170410.35153,62390272,0.860246419906616,0.885334762596205
1568170627.6984,62504960,0.908692717552185,0.87279059125141
1568170845.40752,62619648,0.85735958814621,0.890741654401798
1568171115.64964,62767104,0.855555415153503,0.874050621274004
1568171141.93296,62783488,0.882354557514191,0.864803018213754
1568171280.43128,62849024,0.881421148777008,0.873578787863972
1568171428.88029,62930944,0.897709250450134,0.87749996832049
1568171481.47003,62963712,0.881323039531708,0.887604609385312
1568171550.68435,62996480,0.883036851882935,0.88446382445851
1568172403.70843,63455232,0.909510552883148,0.883750338170722
1568172699.89102,63619072,0.875398993492126,0.896630445526935
1568173161.10002,63864832,0.885850131511688,0.886014719509531
1568173717.94035,64159744,0.877678394317627,0.88593242551061
1568174205.47094,64421888,0.881438374519348,0.881805409914118
1568174798.12064,64749568,0.873612701892853,0.881621892216733
1568175180.46551,64946176,0.879464983940125,0.877617297054793
1568175381.26849,65060864,0.882344543933868,0.878541140497459
1568175598.60563,65175552,0.865352988243103,0.880442842215664
1568175667.88313,65208320,0.878039836883545,0.872897915229383
1568175720.527,65241088,0.879489004611969,0.875468876056464
1568176965.61438,65912832,0.877186596393585,0.877478940334217
1568177034.87216,65945600,0.894138693809509,0.877332768363901
1568177522.46865,66207744,0.886428534984589,0.885735731086705
1568177575.05682,66240512,0.914337635040283,0.886082133035647
1568177601.35832,66256896,0.882091999053955,0.900209884037965
1568177766.27208,66338816,0.873652338981628,0.89115094154596
1568178210.68968,66584576,0.916425466537476,0.882401640263794
1568178889.59762,66945024,0.863267242908478,0.899413553400635
1568179377.65629,67207168,0.913690567016602,0.881340398154556
1568179430.25335,67239936,0.85953962802887,0.897515482585579
1568179568.82333,67305472,0.880509674549103,0.878527555307224
1568180204.26029,67649536,0.8898845911026,0.879518614928164
1568180326.02949,67715072,0.8628950715065,0.884701603015382
1568180743.92304,67944448,0.88251405954361,0.873798337260941
1568181178.48136,68173824,0.856206774711609,0.878156198402275
1568181379.3123,68288512,0.856001913547516,0.867181486556942
1568182127.23281,68681728,0.873959481716156,0.861591700052229
1568182788.90896,69042176,0.899406373500824,0.867775590884193
1568183345.6701,69337088,0.875491678714752,0.883590982192508
1568184060.79181,69730304,0.891726493835449,0.87954133045363
1568184321.07227,69861376,0.877439618110657,0.88563391214454
1568184713.01167,70074368,0.861549258232117,0.881536765127598
1568185052.35517,70254592,0.876137971878052,0.871543011679857
1568185565.99685,70533120,0.882720470428467,0.873840491778955
1568186541.36642,71057408,0.863016545772553,0.878280481103711
1568187081.65006,71352320,0.887834966182709,0.870648513438132
1568187203.43556,71417856,0.868388175964356,0.87924173981042
1568188099.44584,71892992,0.875033915042877,0.873814957887388
1568188369.36206,72040448,0.859276711940765,0.874424436465132
1568188517.61667,72122368,0.854302048683167,0.866850574202949
1568188857.15208,72302592,0.916915714740753,0.860576311443058
1568188909.74267,72335360,0.88850325345993,0.888746013091905
1568189684.57445,72744960,0.875323295593262,0.888624633275918
1568190277.82348,73072640,0.923023045063019,0.88197396443459
1568190565.04353,73220096,0.893943607807159,0.902498504748804
1568190617.61741,73252864,0.896183371543884,0.898221056277982
1568190765.82226,73334784,0.858216226100922,0.897202213910933
1568191052.98773,73482240,0.882425129413605,0.877709220005927
1568191662.41144,73809920,0.909185767173767,0.880067174709766
1568192350.75534,74186752,0.911368191242218,0.894626470941767
1568192393.87549,74203136,0.892320394515991,0.902997331091992
1568192489.55576,74252288,0.879187047481537,0.897658862803992
1568192855.55189,74448896,0.879024803638458,0.888422955142764
1568193857.08025,74989568,0.879521548748016,0.883723879390611
1568193935.95055,75038720,0.852917432785034,0.881622714069314
1568194806.71664,75497472,0.876248836517334,0.867270073427174
1568195224.95813,75726848,0.881547451019287,0.871759454972254
1568195294.25814,75759616,0.876733720302582,0.87665345299577
1568195538.07559,75890688,0.876924753189087,0.876693586649176
1568195983.89915,76136448,0.861077070236206,0.876809169919132
1568196010.52067,76152832,0.885118365287781,0.868943120077669
1568196420.09885,76365824,0.879444241523743,0.877030742682725
1568196498.97887,76414976,0.818281590938568,0.878237492103234
1568197327.40976,76857344,0.861818253993988,0.848259541520901
1568197370.31991,76873728,0.874510049819946,0.855038897757444
1568197544.8357,76972032,0.891006231307983,0.864774473788695
1568198207.59272,77332480,0.875412881374359,0.877890352548339
1568198425.06775,77447168,0.860700249671936,0.876651616961349
1568198938.75151,77725696,0.87165379524231,0.868675933316643
1568199521.69489,78036992,0.886051893234253,0.870164864279476
1568199643.60735,78102528,0.886147141456604,0.878108378756865
1568199791.78033,78184448,0.878573596477508,0.882127760106734
1568200444.16974,78528512,0.85164487361908,0.880350678292121
1568200931.4654,78790656,0.908288896083832,0.8659977759556
1568201053.30953,78856192,0.900308310985565,0.887143336019716
1568201418.87886,79052800,0.891143143177033,0.893725823502641
1568201540.87786,79118336,0.910402655601501,0.892434483339837
1568202150.21724,79446016,0.906575322151184,0.901418569470669
1568202594.66054,79691776,0.865478336811066,0.903996945810926
1568202690.46325,79740928,0.889418005943298,0.884737641310996
1568202812.41475,79806464,0.845220685005188,0.887077823627147
1568203204.27258,80019456,0.838570713996887,0.866149254316168
1568203247.19519,80035840,0.893769025802612,0.852359984156527
1568203638.8758,80248832,0.892956078052521,0.87306450497957
1568203692.04286,80281600,0.899881362915039,0.883010291516045
1568203831.59835,80347136,0.874792873859406,0.891445827215542
1568203884.40608,80379904,0.91306984424591,0.883119350537474
1568204224.04844,80560128,0.908292770385742,0.898094597391692
1568204319.66042,80609280,0.872018575668335,0.903193683888717
1568204886.66801,80920576,0.876339793205261,0.887606129778526
1568205104.29337,81035264,0.841056227684021,0.881972961491894
1568205565.41041,81281024,0.864957213401794,0.861514594587957
1568205835.46378,81428480,0.858864605426788,0.863235903994876
1568205888.04817,81461248,0.845616102218628,0.861050254710832
1568206026.58052,81526784,0.877670168876648,0.85333317846473
1568206349.27253,81707008,0.910885035991669,0.865501673670689
1568206784.08816,81936384,0.877203822135925,0.888193354831179
1568207731.27485,82444288,0.874248087406158,0.882698588483552
1568208293.77685,82755584,0.882973074913025,0.878473337944855
1568208388.537,82804736,0.893288254737854,0.88072320642894
1568208414.75756,82821120,0.860154509544373,0.887005730583397
1568208577.9669,82903040,0.875876247882843,0.873580120063885
1568208993.32131,83132416,0.884131669998169,0.874728183973364
1568209261.45772,83279872,0.832298278808594,0.879429926985766
1568209529.68371,83427328,0.872802317142487,0.85586410289718
1568209692.88798,83509248,0.866593658924103,0.864333210019833
1568209840.07456,83591168,0.867551505565643,0.865463434471968
1568210418.91679,83902464,0.879478335380554,0.866507470018806
1568211749.35613,84623360,0.882787525653839,0.87299290269968
1568211844.08912,84672512,0.877024710178375,0.877890214176759
1568212164.65669,84852736,0.845426440238953,0.877457462177567
1568212716.95984,85147648,0.897402286529541,0.86144195120826
1568212743.18768,85164032,0.91242527961731,0.8794221188689
1568212837.92048,85213184,0.888692259788513,0.895923699243105
1568213321.92588,85475328,0.898515462875366,0.892307979515809
1568213348.15129,85491712,0.894684255123138,0.895411721195588
1568213374.37285,85508096,0.8907710313797,0.895047988159363
1568213563.78842,85606400,0.928445219993591,0.892909509769531
1568214047.56095,85868544,0.883683741092682,0.910677364881561
1568214626.43624,86179840,0.877623617649078,0.897180552987122
1568214799.80119,86278144,0.891790926456451,0.8874020853181
1568214868.26842,86310912,0.875699281692505,0.889596505887276
1568215336.03241,86573056,0.898471891880035,0.88264789378989
1568216640.13504,87277568,0.84410560131073,0.890559892834963
1568216855.84214,87392256,0.867981731891632,0.867332747072846
1568216908.29269,87425024,0.878785371780396,0.867657239482239
1568217003.01399,87474176,0.903817772865295,0.873221305631317
1568217150.20096,87556096,0.87679785490036,0.888519539248306
1568217218.71932,87588864,0.866525053977966,0.882658697074333
1568217392.15191,87687168,0.89400839805603,0.87459187552615
1568217581.61828,87785472,0.882953405380249,0.88430013679109
1568217650.1029,87818240,0.870680630207062,0.88362677108567
1568217944.41642,87982080,0.884628891944885,0.877153700646366
1568218601.96703,88342528,0.871046602725983,0.880891296295625
1568218696.68128,88391680,0.869902193546295,0.875968949510804
1568218964.77547,88539136,0.864065527915955,0.87293557152855
1568219222.73907,88670208,0.874899685382843,0.868500549722252
1568220879.22689,89571328,0.852325081825256,0.871700117552548
1568221218.25628,89751552,0.865143597126007,0.862012599688902
1568221409.21633,89849856,0.874961256980896,0.863578098407455
1568221757.86114,90046464,0.861547529697418,0.869269677694175
1568221774.38666,90046464,0.871229410171509,0.865408603695797
1568222409.56458,90390528,0.887201070785522,0.868319006933653
1568222748.2521,90570752,0.874300479888916,0.877760038859588
1568223357.68419,90898432,0.874509215354919,0.876030259374252
1568224071.96989,91291648,0.842218279838562,0.875269737364586
1568224141.24598,91324416,0.86623603105545,0.858744008601574
1568224776.31689,91668480,0.87223732471466,0.862490019828512
1568225210.77141,91897856,0.899879634380341,0.867363672271586
1568225306.20909,91947008,0.873016953468323,0.883621653325963
1568225915.59668,92274688,0.875970840454102,0.878319303397143
1568226089.92338,92372992,0.834838688373566,0.877145071925622
1568226551.46478,92618752,0.904685974121094,0.855991880149594
1568227186.66775,92962816,0.892760336399078,0.880338927135344
1568227552.31685,93159424,0.859523236751556,0.886549631767211
1568227743.24927,93257728,0.874012589454651,0.873036434259384
1568227769.5499,93274112,0.87968248128891,0.873524511857017
1568228309.21836,93569024,0.905689716339111,0.876603496572964
1568228404.70427,93618176,0.833455085754395,0.891146606456037
1568228743.66135,93798400,0.892244219779968,0.862300846105216
1568229230.73567,94060544,0.850135207176209,0.877272532942592
1568229718.03775,94322688,0.895417451858521,0.8637038700594
1568229935.34023,94437376,0.875066936016083,0.87956066095896
1568230162.3952,94568448,0.899179637432098,0.877313798487521
1568230205.18359,94584832,0.855542719364166,0.88824671795981
1568230231.47428,94601216,0.893585860729218,0.871894718661988
1568230692.23677,94846976,0.882638216018677,0.882740289695603
1568230771.13778,94896128,0.892040550708771,0.88268925285714
1568230988.49014,95010816,0.85515022277832,0.887364901782955
1568231883.94611,95485952,0.868847250938416,0.871257562280638
1568232275.61301,95698944,0.855910837650299,0.870052406609527
1568232546.19001,95846400,0.846420764923096,0.862981622129913
1568232980.9613,96075776,0.873938500881195,0.854701193526504
1568233225.00173,96206848,0.874248087406158,0.86431984720385
1568233251.33493,96223232,0.856931567192078,0.869283967305004
1568233573.87708,96403456,0.876868188381195,0.863107767248541
1568233695.67466,96468992,0.841257452964783,0.869987977814868
1568233712.61038,96468992,0.874840617179871,0.855622715389825
1568234279.12081,96780288,0.88009649515152,0.865231666284848
1568234374.5856,96829440,0.840471625328064,0.872664080718184
1568234740.22289,97026048,0.873848915100098,0.856567853023124
1568235471.66141,97419264,0.849190831184387,0.865208384061611
1568235689.14355,97533952,0.86988240480423,0.857199607622999
1568235768.06367,97583104,0.879071593284607,0.863541006213614
1568235932.74622,97665024,0.856058239936829,0.871306299749111
1568236176.2001,97796096,0.897349774837494,0.86368226984297
1568236255.09839,97845248,0.861551880836487,0.880516022340232
1568236376.96556,97910784,0.866664409637451,0.871033951588359
1568236620.5806,98041856,0.909824073314667,0.868849180612905
1568237203.37575,98353152,0.831151962280273,0.889336626963786
1568237420.59349,98467840,0.849102199077606,0.86024429462203
1568237881.56122,98713600,0.879085242748261,0.854673246849818
1568238299.58713,98942976,0.888359546661377,0.866879244799039
1568239490.96827,99581952,0.864817023277283,0.877619395730208
1568239803.53277,99745792,0.873406529426575,0.871218209503745
1568239882.45679,99794944,0.861707210540772,0.87231236946516
1568240639.52243,100204544,0.821809232234955,0.867009790002966
1568240656.11231,100204544,0.870084643363953,0.84440951111896
1568241074.01351,100433920,0.851026833057404,0.857247077241456
1568241317.50502,100564992,0.90103542804718,0.85413695514943
1568241439.23169,100630528,0.845298886299133,0.877586191598305
1568241709.44338,100777984,0.862719237804413,0.861442538948719
1568241857.55381,100859904,0.929071187973022,0.862080888376566
1568242022.1943,100941824,0.869702696800232,0.895576038174794
1568242466.39424,101187584,0.906768262386322,0.882639367487513
1568242588.15804,101253120,0.887983977794647,0.894703814936917
1568242709.96133,101318656,0.844007134437561,0.891343896365782
1568243144.67439,101548032,0.868340253829956,0.867675515401672
1568243414.721,101695488,0.84440529346466,0.868007884615814
1568243483.87235,101728256,0.839532017707825,0.856206589040237
1568243971.2418,101990400,0.862924337387085,0.847869303374031
1568244171.9415,102105088,0.863506317138672,0.855396820380558
1568244415.37572,102236160,0.881721258163452,0.859451568759615
1568244701.83186,102383616,0.863268256187439,0.870586413461533
1568245267.86257,102694912,0.900115966796875,0.866927334824486
1568245389.63366,102760448,0.868699133396149,0.883521650810681
1568246868.16907,103546880,0.876459300518036,0.876110392103415
1568246894.47436,103563264,0.899231135845184,0.876284846310725
1568246989.91305,103612416,0.871455192565918,0.887757991077955
1568247678.04493,103989248,0.840780973434448,0.879606591821936
1568248721.74483,104546304,0.877962529659271,0.860193782628192
1568248922.56431,104660992,0.866655707359314,0.869078156143732
1568249113.67749,104759296,0.885326027870178,0.867866931751523
1568249139.97792,104775680,0.870025396347046,0.87659647981085
1568249967.10877,105218048,0.866147756576538,0.873310938078948
1568250237.25833,105365504,0.814115166664124,0.869729347327743
1568250524.02688,105512960,0.868869960308075,0.841922256995933
1568250942.39452,105742336,0.867470741271973,0.855396108652004
1568252404.83309,106528768,0.853176474571228,0.861433424961988
1568252988.12238,106840064,0.869017839431763,0.857304949766608
1568253720.09403,107233280,0.833442270755768,0.863161394599185
1568253815.65023,107282432,0.868264436721802,0.848301832677477
1568254165.26095,107479040,0.884679853916168,0.858283134699639
1568254574.37204,107692032,0.883019983768463,0.871481494307904
1568254722.88159,107773952,0.870535433292389,0.877250739038183
1568255753.18311,108331008,0.851533889770508,0.873893086165286
1568256136.43753,108527616,0.866263806819916,0.862713487967897
1568256407.21151,108675072,0.860915839672089,0.864488647393906
1568256625.2401,108789760,0.871728897094727,0.862702243532998
1568256826.64359,108904448,0.877966940402985,0.867215570313862
1568257316.14666,109166592,0.874560713768005,0.872591255358423
1568257359.18504,109182976,0.86994606256485,0.873575984563214
1568257438.37734,109232128,0.890919029712677,0.871761023564032
1568257481.43569,109248512,0.872143864631653,0.881340026638355
1568257630.07018,109330432,0.902536749839783,0.876741945635004
1568257927.36132,109494272,0.859688580036163,0.889639347737393
1568258119.06871,109592576,0.853366553783417,0.874663963886778
1568258198.2453,109641728,0.864759206771851,0.864015258835098
1568258320.51777,109707264,0.87951135635376,0.864387232803474
1568258485.94735,109789184,0.90244722366333,0.871949294578617
1568258538.74535,109821952,0.844947218894959,0.887198259120973
1568259787.82127,110493696,0.874718308448792,0.866072739007966
1568260048.96601,110624768,0.873822629451752,0.870395523728379
1568260250.5426,110739456,0.859385132789612,0.872109076590065
1568260739.54939,111001600,0.869501829147339,0.865747104689839
1568260765.94112,111017984,0.845572829246521,0.867624466918589
1568260808.98353,111034368,0.868427574634552,0.856598648082555
1568261149.32771,111214592,0.871242165565491,0.862513111358554
1568261254.95563,111280128,0.870969176292419,0.866877638462022
1568261473.04881,111394816,0.878559172153473,0.868923407377221
1568261499.44021,111411200,0.839817404747009,0.873741289765347
1568261621.67429,111476736,0.842175483703613,0.856779347256178
1568261717.53686,111525888,0.851374506950378,0.849477415479896
1568261743.98948,111542272,0.871527254581451,0.850425961215137
1568262110.97357,111738880,0.895200550556183,0.860976607898294
1568262861.59494,112132096,0.870678663253784,0.878088579227239
1568263159.05575,112295936,0.876503348350525,0.874383621240511
1568263334.15734,112394240,0.902152597904205,0.875443484795518
1568263456.45017,112459776,0.843196272850037,0.888798041349862
1568263796.89393,112640000,0.839438498020172,0.865997157099949
1568264015.18096,112754688,0.891597926616669,0.852717827560061
1568264382.08151,112951296,0.904323935508728,0.872157877088365
1568264653.03542,113098752,0.88567852973938,0.888240906298546
1568264818.37906,113180672,0.868070840835571,0.886959718018963
1568264844.80107,113197056,0.881033420562744,0.877515279427267
1568265063.42163,113311744,0.870900273323059,0.879274349995005
1568265998.90064,113819648,0.872071743011475,0.875087311659032
1568266190.72379,113917952,0.902300536632538,0.873579527335254
1568266217.13487,113934336,0.826151013374329,0.887940031983896
1568266313.02339,113983488,0.899440824985504,0.857045522679112
1568267099.67482,114409472,0.885610520839691,0.878243173832308
1568268243.60883,115015680,0.867932438850403,0.881926847336
1568268349.21319,115081216,0.862216949462891,0.874929643093201
1568268785.60869,115310592,0.879629254341126,0.868573296278046
1568268907.94568,115376128,0.889217495918274,0.874101275309586
1568269344.33955,115605504,0.872297167778015,0.88165938561393
1568269423.5883,115654656,0.857442140579224,0.876978276695973
1568269939.31339,115933184,0.887873291969299,0.867210208637598
1568270200.61183,116064256,0.86797171831131,0.877541750303449
1568270795.62414,116391936,0.868804633617401,0.872756734307379
1568270961.0288,116473856,0.862141966819763,0.87078068396239
1568271380.8388,116703232,0.891309261322022,0.866461325391077
1568271423.92862,116719616,0.867490351200104,0.878885293356549
1568271503.15458,116768768,0.863360524177551,0.873187822278326
1568272019.16053,117047296,0.879343390464783,0.868274173227939
1568272062.24217,117063680,0.881303012371063,0.873808781846361
1568272184.612,117129216,0.841831564903259,0.877555897108712
1568272455.65555,117276672,0.867332756519318,0.859693731005986
1568272753.1442,117440512,0.880055129528046,0.863513243762652
1568273163.55749,117653504,0.890899062156677,0.871784186645349
1568273609.82227,117899264,0.861348628997803,0.881341624401013
1568273748.77958,117964800,0.869490146636963,0.871345126699408
1568273871.10967,118030336,0.873713910579681,0.870417636668185
1568273993.55167,118095872,0.867078900337219,0.872065773623933
1568274439.84896,118341632,0.857982635498047,0.869572336980576
1568274466.2558,118358016,0.837719202041626,0.863777486239311
1568275121.0633,118702080,0.892428874969482,0.850748344140469
1568275322.68893,118816768,0.884987711906433,0.871588609554976
1568275567.35529,118947840,0.850384175777435,0.878288160730704
1568275828.5976,119078912,0.866867423057556,0.86433616825407
1568276344.32396,119357440,0.845623970031738,0.865601795655813
1568276790.49131,119603200,0.867968142032623,0.855612882843776
1568277567.66427,120012800,0.872546195983887,0.8617905124382
1568277594.09548,120029184,0.876247346401215,0.867168354211043
1568277742.89243,120111104,0.872150182723999,0.871707850306129
1568279009.33011,120782848,0.867750465869904,0.871929016515064
1568279062.19284,120815616,0.891206026077271,0.869839741192484
1568279306.8968,120946688,0.863408982753754,0.880522883634877
1568279482.05003,121044992,0.882839560508728,0.871965933194315
1568280136.78894,121389056,0.89303731918335,0.877402746851522
1568280652.94497,121667584,0.877335429191589,0.885220033017436
1568280897.85052,121798656,0.789766311645508,0.881277731104512
1568281291.48399,122011648,0.875822365283966,0.83552202137501
1568281334.53603,122028032,0.870323419570923,0.855672193329488
1568281509.7997,122126336,0.842349052429199,0.862997806450206
1568282297.53849,122552320,0.879761219024658,0.852673429439702
1568282420.00222,122617856,0.840417265892029,0.86621732423218
1568282681.64245,122748928,0.870567679405212,0.853317295062105
1568282803.952,122814464,0.867561101913452,0.861942487233658
1568283864.68325,123387904,0.867763876914978,0.864751794573555
1568283934.41651,123420672,0.871552407741547,0.866257835744267
1568284426.26987,123682816,0.854712605476379,0.868905121742907
1568284575.06373,123764736,0.909176170825958,0.861808863609643
1568284601.46887,123781120,0.835862219333649,0.885492517217801
1568285239.6871,124125184,0.861552238464356,0.860677368275725
1568285405.10686,124207104,0.851847410202026,0.86111480337004
1568286941.70616,125026304,0.863552391529083,0.856481106786033
1568286968.38613,125042688,0.873655259609222,0.860016749157558
1568287188.30799,125157376,0.835059642791748,0.86683600438339
1568287355.64939,125239296,0.869081735610962,0.850947823587569
1568287436.35802,125288448,0.872666537761688,0.860014779599265
1568287604.71275,125370368,0.869850099086762,0.866340658680477
1568287685.82032,125419520,0.87336790561676,0.868095378883619
1568288222.82936,125698048,0.866919159889221,0.87073164225019
1568288496.69375,125845504,0.902553975582123,0.868825401069705
1568288772.39532,125992960,0.876591265201569,0.885689688325914
1568289020.95624,126124032,0.845908284187317,0.881140476763741
1568289073.99981,126156800,0.891564249992371,0.863524380475529
1568289090.73711,126156800,0.869592785835266,0.87754431523395
1568289170.27955,126205952,0.835308969020844,0.873568550534608
1568289756.6122,126517248,0.85184520483017,0.854438759777726
1568289905.60545,126599168,0.842457234859467,0.853141982303948
1568290001.62259,126648320,0.871994853019714,0.847799608581707
1568290471.42719,126894080,0.858085036277771,0.859897230800711
1568290720.16181,127025152,0.849929451942444,0.858991133539241
1568290921.82338,127139840,0.895593106746674,0.854460292740842
1568291209.67202,127287296,0.897041440010071,0.875026699743758
1568292193.70779,127811584,0.884634673595428,0.886034069876914
1568292412.6595,127926272,0.872593402862549,0.885334371736171
1568292439.18373,127942656,0.851136445999146,0.87896388729936
1568292641.49894,128057344,0.855611920356751,0.865050166649253
1568292860.6868,128172032,0.865178763866425,0.860331043503002
1568293727.60019,128630784,0.837519645690918,0.862754903684713
1568294409.36601,128991232,0.872420608997345,0.850137274687815
1568294488.91639,129040384,0.869986414909363,0.86127894184258
1568295469.3554,129564672,0.873077034950256,0.865632678375972
1568296055.3496,129875968,0.898830771446228,0.869354856663114
1568296300.42562,130007040,0.840899884700775,0.884092814054671
1568297660.87033,130727936,0.848249435424805,0.862496349377723
1568297978.72086,130891776,0.868701338768005,0.855372892401264
1568298255.00836,131039232,0.865842342376709,0.862037115584635
1568298697.34681,131268608,0.871625185012817,0.863939728980672
1568299585.54471,131743744,0.842019200325012,0.867782456996745
1568299709.19651,131809280,0.896641254425049,0.854900828660878
1568299735.68641,131825664,0.847554087638855,0.875771041542964
1568299788.66038,131858432,0.830843150615692,0.861662564590909
1568300130.47373,132038656,0.89599883556366,0.846252857603301
1568300421.49824,132186112,0.863604068756104,0.87112584658348
1568300999.06746,132497408,0.880375504493713,0.867364957669792
1568301122.32874,132562944,0.86412113904953,0.873870231081752
1568301148.85315,132579328,0.877225041389465,0.868995685065641
1568301518.35906,132775936,0.837530791759491,0.873110363227553
1568301657.63256,132841472,0.870372176170349,0.855320577493522
1568301902.21775,132972544,0.872223913669586,0.862846376831936
1568302497.03558,133300224,0.912246644496918,0.867535145250761
1568302906.99867,133513216,0.909873485565186,0.889890894873839
1568303449.0041,133808128,0.843449294567108,0.899882190219512
1568304209.06649,134217728,0.929001212120056,0.87166574239331
1568304374.66087,134299648,0.874981999397278,0.900333477256683
1568304453.85046,134348800,0.885172545909882,0.88765773832698
1568304645.54547,134447104,0.890565872192383,0.886415142118431
1568305038.7754,134660096,0.874717175960541,0.888490507155407
1568305134.59645,134709248,0.888587832450867,0.881603841557974
1568305256.82762,134774784,0.868759989738464,0.88509583700442
1568305309.61522,134807552,0.839064657688141,0.876927913371442
1568305352.68259,134823936,0.86531662940979,0.857996285529791
1568305431.90015,134873088,0.853307247161865,0.861656457469791
1568306287.59816,135331840,0.84696501493454,0.857481852315828
1568306452.93325,135413760,0.885986268520355,0.852223433625184
1568306849.20786,135626752,0.874155580997467,0.86910485107277
1568307342.47981,135888896,0.844740867614746,0.871630216035118
1568308027.6779,136249344,0.872938811779022,0.858185541824932
1568308080.61064,136282112,0.836717009544373,0.865562176801977
1568308107.09907,136298496,0.845354735851288,0.851139593173175
1568308150.39774,136314880,0.872559189796448,0.848247164512231
1568308300.63527,136396800,0.890692234039306,0.86040317715434
1568308522.1207,136511488,0.863217115402222,0.875547705596823
1568308671.67855,136593408,0.880179584026337,0.869382410499522
1568308794.35369,136658944,0.876561164855957,0.874780997262929
1568309508.11058,137035776,0.866860568523407,0.875671081059443
1568309860.29009,137232384,0.880852222442627,0.871265824791425
1568310122.88508,137363456,0.867027461528778,0.876059023617026
1568310368.84584,137494528,0.867695152759552,0.871543242572902
1568310474.84487,137560064,0.844673275947571,0.869619197666227
1568310491.61181,137560064,0.865532457828522,0.857146236806899
1568311189.64546,137936896,0.873104810714722,0.86133934731771
1568311410.4213,138051584,0.871070325374603,0.867222079016216
1568311605.65143,138149888,0.867804944515228,0.86914620219541
1568311978.57886,138346496,0.867478489875793,0.868475573355319
1568312005.52859,138362880,0.863800525665283,0.867977031615556
1568312310.00651,138526720,0.904489517211914,0.86588877864042
1568313082.75964,138936320,0.863084077835083,0.885189147926167
1568313304.45351,139051008,0.880986571311951,0.874136612880625
1568313622.15052,139214848,0.855104804039001,0.877561592096288
1568313702.20575,139264000,0.902767598628998,0.866333198067645
1568313719.06165,139264000,0.870530068874359,0.884550398348321
1568313843.29965,139329536,0.86546403169632,0.87754023361134
1568314071.35422,139460608,0.851035892963409,0.87150213265383
1568314265.32016,139558912,0.874504804611206,0.86126901280862
1568314442.84059,139657216,0.859733819961548,0.867886908709913
1568314459.81689,139657216,0.867584824562073,0.86381036433573
1568314888.26263,139886592,0.849197268486023,0.865697594448902
1568315630.56856,140279808,0.855722844600678,0.857447431467462
1568315876.11967,140410880,0.888858318328857,0.85658513803407
1568316787.80162,140902400,0.894731223583221,0.872721728181464
1568317005.99971,141017088,0.883339166641235,0.883726475882343
1568317032.40859,141033472,0.867518544197083,0.883532821261789
1568317171.36553,141099008,0.868642330169678,0.875525682729436
1568317564.73952,141312000,0.894519746303558,0.872084006449557
1568317739.90051,141410304,0.865910530090332,0.883301876376557
1568318420.92448,141770752,0.861016869544983,0.874606203233445
1568318447.35251,141787136,0.860984086990356,0.867811536389214
1568318665.57022,141901824,0.848014295101166,0.864397811689785
1568318787.90683,141967360,0.872428178787231,0.856206053395475
1568319058.98934,142114816,0.882197320461273,0.864317116091353
1568319277.21744,142229504,0.88610827922821,0.873257218276313
1568319617.865,142409728,0.86923086643219,0.879682748752262
1568319888.88081,142557184,0.846976637840271,0.874456807592226
1568320553.75525,142917632,0.886013567447662,0.860716722716248
1568320623.28192,142950400,0.855169653892517,0.873365145081955
1568320841.53576,143065088,0.869648873806,0.864267399487236
1568321453.32646,143392768,0.867457151412964,0.866958136646618
1568321558.99875,143458304,0.834585666656494,0.867207644029791
1568321777.28914,143572992,0.852645576000214,0.850896655343142
1568322117.99882,143753216,0.873701930046081,0.851771115671678
1568322266.77046,143835136,0.868178486824035,0.86273652285888
1568322309.84884,143851520,0.868818819522858,0.865457504841458
1568323149.58276,144310272,0.889936685562134,0.867138162182158
1568323288.61639,144375808,0.865149974822998,0.878537423872146
1568323437.33304,144457728,0.847144961357117,0.871843699347572
1568323490.14319,144490496,0.844713151454926,0.859494330352344
1568323516.55321,144506880,0.852755188941956,0.852103740903635
1568323761.2235,144637952,0.869971334934235,0.852429464922795
1568323883.54251,144703488,0.893317103385925,0.861200399928515
1568324224.22937,144883712,0.843095660209656,0.87725875165722
1568324442.47922,144998400,0.857415676116943,0.860177205933438
1568324835.94218,145211392,0.874884366989136,0.858796441025191
1568325447.75585,145539072,0.892943620681763,0.866840404007163
1568325910.6812,145784832,0.84509152173996,0.879892012344463
1568326129.03763,145899520,0.873973846435547,0.862491767042211
1568326575.24203,146145280,0.879803657531738,0.868232806738879
1568327011.7864,146374656,0.869706749916077,0.874018232135309
1568327230.33434,146489344,0.858371496200562,0.871862491025693
1568327806.13865,146800640,0.852352857589722,0.865116993613127
1568327850.37556,146817024,0.861715137958527,0.858734925601424
1568327877.19566,146833408,0.83877569437027,0.860225031779975
1568329141.55468,147505152,0.876786530017853,0.849500363075123
1568329333.03121,147603456,0.866967141628265,0.863143446546488
1568329412.09032,147652608,0.866661727428436,0.865055294087377
1568329629.89196,147767296,0.878503262996674,0.865858510757906
1568330038.77766,147980288,0.864278972148895,0.87218088687729
1568330553.2367,148258816,0.843228340148926,0.868229929513093
1568330919.15484,148455424,0.869035124778748,0.855729134831009
1568331311.44652,148668416,0.876238942146301,0.862382129804878
1568331799.42028,148930560,0.846698462963104,0.86931053597559
1568331974.09852,149028864,0.860569000244141,0.858004499469347
1568332139.0288,149110784,0.8535276055336,0.859286749856744
1568332261.00036,149176320,0.87112945318222,0.856407177695172
1568333019.27454,149585920,0.859606027603149,0.863768315438696
1568333210.606,149684224,0.867698967456818,0.861687171520923
1568333263.30174,149716992,0.87089329957962,0.86469306948887
1568334090.81226,150159360,0.880674839019775,0.867793184534245
1568334169.83579,150208512,0.889685988426209,0.87423401177701
1568334509.47877,150388736,0.845599889755249,0.881960000101609
1568334578.77942,150421504,0.873816192150116,0.863779944928429
1568334849.13461,150568960,0.871111154556274,0.868798068539273
1568334997.44615,150650880,0.861389338970184,0.869954611547774
1568335677.41975,151011328,0.887498021125793,0.865671975258979
1568335756.51709,151060480,0.873934805393219,0.876584998192386
1568335773.19945,151060480,0.869195282459259,0.875259901792803
1568335921.69993,151142400,0.859573245048523,0.872227592126031
1568335974.43339,151175168,0.850612640380859,0.865900418587277
1568336383.85683,151388160,0.870241761207581,0.858256529484068
1568336585.16126,151502848,0.874330163002014,0.864249145345824
1568336803.10815,151617536,0.858356297016144,0.869289654173919
1568337169.5761,151814144,0.851270973682404,0.863822975595032
1568337562.53796,152027136,0.896537065505981,0.857546974638717
1568338513.76184,152535040,0.861065268516541,0.877042020072349
1568338810.90867,152698880,0.860486030578613,0.869053644294445
1568338853.99188,152715264,0.846772789955139,0.864769837436529
1568339098.38107,152846336,0.846741557121277,0.855771313695834
1568339369.23113,152993792,0.889037609100342,0.851256435408555
1568339544.23056,153092096,0.883374094963074,0.870147022254449
1568339709.517,153174016,0.884543895721435,0.876760558608761
1568339762.28302,153206784,0.822889745235443,0.880652227165098
1568340171.97619,153419776,0.865317583084106,0.851770986200271
1568340644.17135,153681920,0.86524361371994,0.858544284642188
1568341516.40235,154140672,0.864116787910461,0.861893949181064
1568341760.80736,154271744,0.869834363460541,0.863005368545763
1568342180.34103,154501120,0.879028975963593,0.866419866003152
1568342328.97077,154583040,0.865634441375732,0.872724420983372
1568342547.01977,154697728,0.88053959608078,0.869179431179552
1568343280.43003,155090944,0.863736569881439,0.874859513630166
1568343839.02829,155385856,0.866649687290192,0.869298041755803
1568343865.43901,155402240,0.862311482429504,0.867973864522997
1568344311.2499,155648000,0.849415421485901,0.865142673476251
1568344992.05566,156008448,0.85595703125,0.857279047481076
1568345114.32592,156073984,0.872057616710663,0.856618039365538
1568345428.24668,156237824,0.866243839263916,0.8643378280381
1568345454.64302,156254208,0.899487733840942,0.865290833651008
1568345778.3733,156434432,0.857913494110107,0.882389283745975
1568345970.21157,156532736,0.913928508758545,0.870151388928041
1568346092.45298,156598272,0.86600798368454,0.892039948843293
1568346145.25731,156631040,0.889472663402557,0.879023966263916
1568346161.91129,156631040,0.869611024856567,0.884248314833237
1568346650.93396,156893184,0.869260549545288,0.876929669844902
1568346773.18879,156958720,0.8665771484375,0.873095109695095
1568347123.39055,157155328,0.905685245990753,0.869836129066298
1568347367.91893,157286400,0.889419078826904,0.887760687528525
1568347490.21452,157351936,0.878184497356415,0.888589883177715
1568347655.62778,157433856,0.858207523822784,0.883387190267065
1568348022.43062,157630464,0.833930492401123,0.870797357044924
1568348118.30109,157679616,0.866300165653229,0.852363924723024
1568348415.59502,157843456,0.852207660675049,0.859332045188126
1568349271.59252,158302208,0.843631744384766,0.855769852931588
1568349489.74489,158416896,0.861924946308136,0.849700798658177
1568350669.32302,159055872,0.8713458776474,0.855812872483156
1568350791.54784,159121408,0.855621755123138,0.863579375065278
1568351158.25554,159318016,0.879000961780548,0.859600565094208
1568351419.68502,159449088,0.868650197982788,0.869300763437378
1568351525.34623,159514624,0.892919301986694,0.868975480710083
1568351908.89231,159711232,0.869868814945221,0.880947391348389
1568352232.61122,159891456,0.883663296699524,0.875408103146805
1568352721.83892,160153600,0.892211437225342,0.879535699923164
1568352939.9653,160268288,0.875242471694946,0.885873568574253
1568353131.69159,160366592,0.866050243377685,0.8805580201346
1568353620.91593,160628736,0.864302396774292,0.873304131756142
1568354014.30493,160841728,0.892521500587463,0.868803264265217
1568354503.50824,161103872,0.865855813026428,0.88066238242634
1568354582.7279,161153024,0.878553628921509,0.873259097726384
1568354966.29437,161349632,0.865340292453766,0.875906363323947
1568355316.55733,161546240,0.8870809674263,0.870623327888856
1568355359.73185,161562624,0.878105282783508,0.878852147657578
1568355630.75068,161710080,0.846740126609802,0.878478715220543
1568357098.29169,162496512,0.848801732063293,0.862609420915173
1568357316.57161,162611200,0.845200657844543,0.855705576489233
1568357342.98778,162627584,0.844140529632568,0.850453117166888
1568358076.91178,163020800,0.885060906410217,0.847296823399728
1568358539.79152,163266560,0.895809412002564,0.866178864904973
1568358619.04504,163315712,0.887149453163147,0.880994138453768
1568359151.84701,163594240,0.855802178382874,0.884071795808458
1568360226.25387,164167680,0.865878462791443,0.869936987095666
1568360741.83239,164446208,0.83732670545578,0.867907724943554
1568360890.6121,164528128,0.855815768241882,0.852617215199667
1568360943.45823,164560896,0.858216941356659,0.854216491720775
1568361449.43776,164823040,0.865125000476837,0.856216716538717
1568361991.46136,165117952,0.873916864395142,0.860670858507777
1568362699.05182,165494784,0.890160083770752,0.867293861451459
1568363827.07694,166100992,0.854242920875549,0.878726972611106
1568364220.66122,166313984,0.912485718727112,0.866484946743327
1568364508.56827,166461440,0.867197334766388,0.88948533273522
1568365961.80564,167247872,0.826111078262329,0.878341333750804
1568366344.76748,167444480,0.865520477294922,0.852226206006566
1568367104.10316,167854080,0.879729986190796,0.858873341650744
1568367305.35773,167968768,0.870637178421021,0.86930166392077
1568367810.50006,168230912,0.863162994384766,0.869969421170895
1568368421.06355,168558592,0.864293932914734,0.86656620777783
1568368543.31903,168624128,0.86414760351181,0.865430070346282
1568368866.75252,168804352,0.865559220314026,0.864788836929046
1568369180.5005,168968192,0.866742730140686,0.865174028621536
1568369329.05081,169050112,0.84777694940567,0.865958379381111
1568370375.72055,169607168,0.849617600440979,0.856867664393391
1568370392.45352,169607168,0.870962560176849,0.853242632417185
1568370515.82502,169672704,0.869899690151215,0.862102596297017
1568370888.55841,169869312,0.860888957977295,0.866001143224116
1568402797.14303,167968768,0.863633453845978,0.863445050600705
1568403133.79305,168148992,0.907398521900177,0.863539252223342
1568403500.84308,168345600,0.867713928222656,0.885468887061759
1568403909.47602,168558592,0.864860355854034,0.876591407642208
1568404571.55746,168919040,0.880232870578766,0.870725881748121
1568404597.8541,168935424,0.904541611671448,0.875479376163443
1568404789.01868,169033728,0.862201869487762,0.890010493917445
1568405085.41629,169197568,0.825794100761414,0.876106181702604
1568405154.70714,169230336,0.882153391838074,0.850950141232009
1568405372.21436,169345024,0.862738728523254,0.866551766535041
1568405737.95896,169541632,0.86494106054306,0.864645247529148
1568405843.18812,169607168,0.844342648983002,0.864793154036104
1568405886.21249,169623552,0.891712486743927,0.854567901509553
1568406251.92593,169820160,0.82352888584137,0.87314019412674
1568406696.58284,170065920,0.879656493663788,0.848334539984055
1568407131.65684,170295296,0.85114711523056,0.863995516823921
1568407497.63177,170491904,0.892870366573334,0.857571316027241
1568407741.42396,170622976,0.863349556922913,0.875220841300287
1568407810.72815,170655744,0.865837216377258,0.8692851991116
1568408107.17137,170819584,0.831095457077026,0.867561207744429
1568408133.47059,170835968,0.87055116891861,0.849328332410728
1568408229.08005,170885120,0.865098714828491,0.859939750664669
1568408907.90909,171245568,0.866004526615143,0.86251923274658
1568409544.31804,171589632,0.828445315361023,0.864261879680861
1568410359.26751,172032000,0.868995130062103,0.846353597520942
1568410481.12542,172097536,0.865809738636017,0.857674363791523
1568410724.86101,172228608,0.830222129821777,0.86174205121377
1568411594.76655,172687360,0.863404631614685,0.845982090517773
1568411716.62269,172752896,0.867939710617065,0.854693361066229
1568412893.15037,173391872,0.854115903377533,0.861316535841647
1568412988.71953,173441024,0.855127573013306,0.85771621960959
1568413476.19711,173703168,0.876753151416779,0.856421896311448
1568414642.26984,174325760,0.869158446788788,0.866587523864113
1568414668.57637,174342144,0.858850657939911,0.86787298532645
1568415304.20662,174686208,0.88147234916687,0.863361821633181
1568415373.44831,174718976,0.864455103874206,0.872417085400025
1568416401.3119,175276032,0.875943839550018,0.868436094637116
1568416793.18783,175489024,0.838999927043915,0.872189967093567
1568417646.75236,175947776,0.880171000957489,0.855594947068741
1568418012.57388,176144384,0.8777174949646,0.867882974013115
1568418204.25728,176242688,0.863731682300568,0.872800234488857
1568418326.11025,176308224,0.855930805206299,0.868265958394712
1568418352.40459,176324608,0.865258872509003,0.862098381800506
1568419152.86966,176750592,0.865061640739441,0.863678627154754
1568419571.45021,176979968,0.866764724254608,0.864370133947097
1568419640.71008,177012736,0.869566917419434,0.865567429100853
1568419719.62455,177061888,0.901296615600586,0.867567173260143
1568420032.61833,177225728,0.871927618980408,0.884431894430365
1568420724.07492,177586176,0.873603701591492,0.878179756705386
1568420952.01466,177700864,0.876451432704926,0.875891729148439
